Iteration,test_mse,test_r2,test_mae
0,0.09507623314857483,-2.1177659034729004,0.27265259623527527
1,0.06073860079050064,-0.991756796836853,0.21298831701278687
2,0.03322949633002281,-0.08967077732086182,0.14975222945213318
3,0.049716170877218246,-0.6303063631057739,0.1708769053220749
4,0.04859565198421478,-0.5935618877410889,0.168698251247406
5,0.03742237016558647,-0.227164626121521,0.14951859414577484
6,0.03116457723081112,-0.02195727825164795,0.14224651455879211
7,0.03300324082374573,-0.08225119113922119,0.1508922576904297
8,0.03515445068478584,-0.15279436111450195,0.15743869543075562
9,0.03396516665816307,-0.11379504203796387,0.15465441346168518
10,0.03047001361846924,0.0008189678192138672,0.1447754055261612
11,0.027218593284487724,0.10744047164916992,0.13301482796669006
12,0.02632932923734188,0.13660144805908203,0.12522542476654053
13,0.02699469029903412,0.11478269100189209,0.12213634699583054
14,0.026459822431206703,0.1323222517967224,0.11861325055360794
15,0.024334294721484184,0.20202314853668213,0.11317155510187149
16,0.022331930696964264,0.2676851749420166,0.1100359633564949
17,0.021793169900774956,0.2853524088859558,0.11203598976135254
18,0.022377755492925644,0.26618248224258423,0.11637278646230698
19,0.022908562794327736,0.2487761378288269,0.11870884895324707
20,0.022820767015218735,0.2516551613807678,0.1175205409526825
21,0.022314388304948807,0.26826047897338867,0.1139172911643982
22,0.02188606560230255,0.28230613470077515,0.11025406420230865
23,0.021883901208639145,0.28237712383270264,0.108598992228508
24,0.022242067381739616,0.2706320881843567,0.10904725641012192
25,0.0225666556507349,0.25998806953430176,0.11019876599311829
26,0.022522415965795517,0.26143878698349,0.1107814759016037
27,0.022138934582471848,0.27401405572891235,0.11068806797266006
28,0.0216985996812582,0.2884535789489746,0.11061345040798187
29,0.021439945325255394,0.296935498714447,0.11111563444137573
30,0.02135339006781578,0.29977381229400635,0.11195170134305954
31,0.02127007767558098,0.3025057911872864,0.11236351728439331
32,0.02105938084423542,0.30941498279571533,0.11176683008670807
33,0.02076997421681881,0.3189053535461426,0.11027894914150238
34,0.02056036703288555,0.3257788419723511,0.10856640338897705
35,0.0204883124679327,0.3281416893005371,0.10724501311779022
36,0.02044014260172844,0.32972127199172974,0.10637109726667404
37,0.020346399396657944,0.33279526233673096,0.10587434470653534
38,0.020259374752640724,0.3356490135192871,0.10595007985830307
39,0.02014266327023506,0.3394762873649597,0.10603443533182144
40,0.019963139668107033,0.3453632593154907,0.10577736794948578
41,0.0197866540402174,0.3511505722999573,0.10533901304006577
42,0.019647851586341858,0.35570228099823,0.1049216017127037
43,0.01952517218887806,0.3597252368927002,0.10455504804849625
44,0.019363809376955032,0.3650166988372803,0.10419709980487823
45,0.019140861928462982,0.37232762575149536,0.10374940931797028
46,0.01890505664050579,0.38006019592285156,0.10315034538507462
47,0.01869213581085205,0.38704240322113037,0.10233679413795471
48,0.018457826226949692,0.3947259187698364,0.10119076073169708
49,0.01820879802107811,0.4028921127319336,0.100113645195961
50,0.017908433452248573,0.4127417802810669,0.09932465851306915
51,0.01756313443183899,0.4240649342536926,0.09869486838579178
52,0.01717900112271309,0.4366615414619446,0.09774120897054672
53,0.01677599735558033,0.44987690448760986,0.09643314778804779
54,0.016357848420739174,0.4635889530181885,0.09519678354263306
55,0.01591085083782673,0.4782470464706421,0.09392856061458588
56,0.015377870760858059,0.4957246780395508,0.09198805689811707
57,0.014767859131097794,0.5157283544540405,0.08986949175596237
58,0.014064342714846134,0.5387982130050659,0.08752565085887909
59,0.013287130743265152,0.5642848014831543,0.08449205756187439
60,0.01249601785093546,0.5902271270751953,0.08136329799890518
61,0.011751585640013218,0.6146388053894043,0.07831420004367828
62,0.011052313260734081,0.6375695466995239,0.07512474060058594
63,0.01045265980064869,0.6572335362434387,0.072916679084301
64,0.010098482482135296,0.6688477993011475,0.07041453570127487
65,0.009731646627187729,0.6808772087097168,0.06995078921318054
66,0.009332410991191864,0.6939690113067627,0.06719713658094406
67,0.009117755107581615,0.7010080814361572,0.06606217473745346
68,0.00889910850673914,0.7081780433654785,0.0658559501171112
69,0.008607428520917892,0.7177428603172302,0.06386185437440872
70,0.008436298929154873,0.7233545780181885,0.06299152225255966
71,0.008235839195549488,0.7299281358718872,0.0629444494843483
72,0.008003671653568745,0.7375414371490479,0.06149499490857124
73,0.007917026989161968,0.7403826713562012,0.06100082024931908
74,0.007770917844027281,0.7451739311218262,0.06090354919433594
75,0.007604938931763172,0.7506167888641357,0.05975660681724548
76,0.007545537315309048,0.7525646686553955,0.059263668954372406
77,0.007423713803291321,0.7565595507621765,0.05905042961239815
78,0.007307212799787521,0.7603799104690552,0.0582965686917305
79,0.007236437872052193,0.7627007365226746,0.05770692601799965
80,0.007118793670088053,0.7665585279464722,0.05747199058532715
81,0.006997531279921532,0.7705350518226624,0.05674571543931961
82,0.006931738927960396,0.7726925015449524,0.05636722594499588
83,0.006854093633592129,0.7752386927604675,0.05629507452249527
84,0.006717200856655836,0.7797276973724365,0.05542341619729996
85,0.006615985184907913,0.7830468416213989,0.05503196641802788
86,0.006549346726387739,0.7852320075035095,0.05467037111520767
87,0.006490502040833235,0.7871617078781128,0.054050371050834656
88,0.006480259820818901,0.7874975204467773,0.054153911769390106
89,0.006407108157873154,0.7898963689804077,0.05348210781812668
90,0.006320746149867773,0.7927283644676208,0.05342022702097893
91,0.006200943607836962,0.7966569662094116,0.05245214328169823
92,0.006125081330537796,0.7991446256637573,0.052210062742233276
93,0.006071483716368675,0.800902247428894,0.051864780485630035
94,0.00602317787706852,0.8024863004684448,0.05152593180537224
95,0.006019697058945894,0.8026004433631897,0.0516086220741272
96,0.006090645678341389,0.8002738952636719,0.051769696176052094
97,0.006298445165157318,0.7934596538543701,0.053826574236154556
98,0.00635162927210331,0.7917156219482422,0.05341040715575218
99,0.005823507439345121,0.8090339303016663,0.05037793889641762
100,0.00597161753103137,0.8041771054267883,0.0516776442527771
101,0.006034888792783022,0.802102267742157,0.051740095019340515
102,0.005602200981229544,0.816291093826294,0.04919453710317612
103,0.005969548132270575,0.8042449355125427,0.052051033824682236
104,0.0056917984038591385,0.8133530020713806,0.0498255118727684
105,0.005571669898927212,0.8172922730445862,0.049134720116853714
106,0.0057500991970300674,0.81144118309021,0.05098666250705719
107,0.005402766168117523,0.8228310346603394,0.04825127124786377
108,0.005575568415224552,0.817164421081543,0.049397435039281845
109,0.0053620231337845325,0.8241670727729797,0.04835256189107895
110,0.005384932737797499,0.8234158158302307,0.04873647168278694
111,0.005357682704925537,0.8243094086647034,0.04820561781525612
112,0.005224674474447966,0.8286710381507874,0.04745568707585335
113,0.005311212968081236,0.825833261013031,0.0483967624604702
114,0.005129883531481028,0.8317794799804688,0.04693330079317093
115,0.005138545297086239,0.8314954042434692,0.04700084775686264
116,0.0051542241126298904,0.8309812545776367,0.0473436564207077
117,0.0050118230283260345,0.8356509208679199,0.046396344900131226
118,0.0050301323644816875,0.8350505232810974,0.046475622802972794
119,0.004941575229167938,0.8379545211791992,0.04614750295877457
120,0.0049188206903636456,0.8387006521224976,0.04602092131972313
121,0.0048849075101315975,0.8398127555847168,0.04571080207824707
122,0.004805868025869131,0.8424046635627747,0.04538849741220474
123,0.0048028090968728065,0.8425049781799316,0.045407459139823914
124,0.004769500344991684,0.8435972332954407,0.045160576701164246
125,0.004683420527726412,0.8464199900627136,0.04477836191654205
126,0.004660214763134718,0.847180962562561,0.04470327869057655
127,0.0046448553912341595,0.8476846218109131,0.044536616653203964
128,0.0045919339172542095,0.8494200706481934,0.04436321184039116
129,0.0045226020738482475,0.8516935706138611,0.04392927512526512
130,0.004494575783610344,0.8526126146316528,0.04371124133467674
131,0.004499324597418308,0.8524569272994995,0.043853286653757095
132,0.00447067292407155,0.853396475315094,0.043610066175460815
133,0.004449475556612015,0.8540915846824646,0.04367994889616966
134,0.0043819802813231945,0.8563048839569092,0.043209321796894073
135,0.004326299298554659,0.8581308126449585,0.04305735602974892
136,0.004254898056387901,0.8604722023010254,0.04247702658176422
137,0.004221095237880945,0.8615806698799133,0.04230174049735069
138,0.004189763218164444,0.8626081347465515,0.04219982028007507
139,0.0041575380600988865,0.8636648654937744,0.0419267900288105
140,0.0041748578660190105,0.8630968928337097,0.04230619966983795
141,0.004262167494744062,0.8602338433265686,0.04269407317042351
142,0.004468807019293308,0.8534576892852783,0.04493539407849312
143,0.004819584544748068,0.8419548869132996,0.04705454781651497
144,0.004363318905234337,0.8569168448448181,0.044372402131557465
145,0.003926688805222511,0.8712349534034729,0.040704432874917984
146,0.004110247828066349,0.8652156591415405,0.04206295311450958
147,0.004146751016378403,0.8640186190605164,0.04327678680419922
148,0.003917737863957882,0.8715285062789917,0.04085656255483627
149,0.0038873450830578804,0.8725250959396362,0.04070186987519264
150,0.003969772253185511,0.8698221445083618,0.041928764432668686
151,0.003824861254543066,0.8745741248130798,0.04019318148493767
152,0.0037398752756416798,0.877360999584198,0.03966839984059334
153,0.0038280626758933067,0.8744691014289856,0.040807902812957764
154,0.0037840628065168858,0.8759119510650635,0.04006671905517578
155,0.0036458615213632584,0.8804439306259155,0.03903614729642868
156,0.0037237773649394512,0.8778888583183289,0.03985705226659775
157,0.0037399253342300653,0.8773593306541443,0.03978513553738594
158,0.003589397529140115,0.8822954893112183,0.03890305012464523
159,0.003568593179807067,0.8829777240753174,0.0388476625084877
160,0.0036304390523582697,0.8809496760368347,0.039080243557691574
161,0.0036028032191097736,0.8818559050559998,0.03904547169804573
162,0.003493713913485408,0.8854331970214844,0.03796762600541115
163,0.003462456865236163,0.886458158493042,0.03780100494623184
164,0.0034927462693303823,0.8854649066925049,0.03824298456311226
165,0.003509900067001581,0.8849024176597595,0.03821515664458275
166,0.00347128720022738,0.8861685991287231,0.03805685415863991
167,0.003402093658223748,0.8884376287460327,0.03729045391082764
168,0.003374488791450858,0.8893428444862366,0.037130553275346756
169,0.003379538655281067,0.8891772627830505,0.037236087024211884
170,0.0033869470935314894,0.888934314250946,0.03730069100856781
171,0.0034068876411765814,0.8882803916931152,0.037709929049015045
172,0.003386653494089842,0.8889439105987549,0.03720855712890625
173,0.0033610695973038673,0.8897829055786133,0.03715607523918152
174,0.0032944288104772568,0.8919681906700134,0.036574844270944595
175,0.003259015968069434,0.8931294679641724,0.036416731774806976
176,0.0032397694885730743,0.8937605619430542,0.036213263869285583
177,0.0032343745697289705,0.8939375281333923,0.036102842539548874
178,0.0032480203080922365,0.8934900164604187,0.036328818649053574
179,0.003259713528677821,0.8931065797805786,0.03632175177335739
180,0.003325499827042222,0.8909493088722229,0.03706814721226692
181,0.003410264616832137,0.8881696462631226,0.03757019340991974
182,0.003544638631865382,0.8837632536888123,0.03921245038509369
183,0.0036898544058203697,0.879001259803772,0.04005812853574753
184,0.003466785652562976,0.8863162398338318,0.038478605449199677
185,0.0031600489746779203,0.8963748216629028,0.03566679731011391
186,0.0031289884354919195,0.8973933458328247,0.035513024777173996
187,0.0033201954793184996,0.8911232352256775,0.03757159039378166
188,0.0033418345265090466,0.8904136419296265,0.03767798840999603
189,0.0031224528793245554,0.897607684135437,0.03557725250720978
190,0.003151864744722843,0.8966431617736816,0.035989630967378616
191,0.003279248019680381,0.8924660086631775,0.03696535900235176
192,0.003184196539223194,0.8955829739570618,0.036326922476291656
193,0.0030530495569109917,0.8998835682868958,0.03496721759438515
194,0.0031018154695630074,0.8982844352722168,0.03535016253590584
195,0.003169556148350239,0.8960630297660828,0.03625555336475372
196,0.003078628797084093,0.8990447521209717,0.03528294339776039
197,0.003021831624209881,0.9009072780609131,0.03466004878282547
198,0.0030782304238528013,0.8990578055381775,0.035495832562446594
199,0.003093583742156625,0.8985543251037598,0.035331882536411285
200,0.003048694459721446,0.9000263810157776,0.034951481968164444
201,0.0029925594571977854,0.901867151260376,0.034406937658786774
202,0.003014655550941825,0.9011425971984863,0.03465622290968895
203,0.0030502856243401766,0.8999742269515991,0.03519956395030022
204,0.003005796577781439,0.9014331102371216,0.034569744020700455
205,0.002971872454509139,0.9025455713272095,0.03423717990517616
206,0.0029694109689444304,0.9026262760162354,0.034278109669685364
207,0.0029877156484872103,0.9020259976387024,0.03434724733233452
208,0.0030135030392557383,0.9011803865432739,0.03467615693807602
209,0.002975873649120331,0.9024143218994141,0.03426337614655495
210,0.002955253701657057,0.9030905365943909,0.0341140553355217
211,0.002940341830253601,0.9035794734954834,0.03394599258899689
212,0.002946768654510379,0.9033687710762024,0.033957138657569885
213,0.002978854812681675,0.9023165702819824,0.034299373626708984
214,0.002966278465464711,0.9027289748191833,0.03411843255162239
215,0.002983630169183016,0.9021599888801575,0.03439806401729584
216,0.0029571272898465395,0.9030290842056274,0.03401310369372368
217,0.002945470158010721,0.903411328792572,0.033959921449422836
218,0.0029130021575838327,0.9044760465621948,0.033629465848207474
219,0.0029110258910804987,0.9045408368110657,0.03363433852791786
220,0.002908516675233841,0.9046231508255005,0.033588290214538574
221,0.0029050272423774004,0.9047375321388245,0.033529188483953476
222,0.002923170104622841,0.9041426181793213,0.033767182379961014
223,0.0029206210747361183,0.9042261838912964,0.033673904836177826
224,0.002975631970912218,0.9024222493171692,0.03424499183893204
225,0.0030114485416561365,0.9012477397918701,0.03454863280057907
226,0.003182475222274661,0.8956394195556641,0.03647038713097572
227,0.00339474156498909,0.8886787295341492,0.03814014047384262
228,0.003405479248613119,0.8883265852928162,0.03851180896162987
229,0.0031358010601252317,0.8971699476242065,0.03601416200399399
230,0.002854393096640706,0.9063979387283325,0.033520035445690155
231,0.002925226232036948,0.9040752053260803,0.03420977294445038
232,0.0031142206862568855,0.8978776335716248,0.036217883229255676
233,0.0029988025780767202,0.9016624689102173,0.03504957631230354
234,0.0028329757042229176,0.907100260257721,0.03316091373562813
235,0.0029075650963932276,0.904654324054718,0.033955059945583344
236,0.0030150804668664932,0.9011286497116089,0.035158421844244
237,0.002900077495723963,0.9048998355865479,0.033888280391693115
238,0.002821139292791486,0.9074884057044983,0.033110350370407104
239,0.0029083164408802986,0.9046297073364258,0.034081265330314636
240,0.0029412778094410896,0.9035488367080688,0.03440690040588379
241,0.002870111959055066,0.9058824777603149,0.03363494202494621
242,0.002804569434374571,0.9080318212509155,0.03302702307701111
243,0.0028502640780061483,0.9065333604812622,0.033439751714468
244,0.0029133278876543045,0.90446537733078,0.03405168652534485
245,0.0028318027034401894,0.9071387648582458,0.033283207565546036
246,0.002790803788229823,0.9084832072257996,0.03285912796854973
247,0.0028268019668757915,0.907302737236023,0.033271946012973785
248,0.0028499369509518147,0.9065440893173218,0.033426180481910706
249,0.0028595542535185814,0.9062287211418152,0.03350440785288811
250,0.0027932971715927124,0.9084014296531677,0.03278566896915436
251,0.002779852831736207,0.9088423252105713,0.03265802189707756
252,0.0028136419132351875,0.9077342748641968,0.03302568197250366
253,0.0028140514623373747,0.9077208638191223,0.03303558751940727
254,0.00283276685513556,0.9071071147918701,0.03325833007693291
255,0.0027857054956257343,0.9086503982543945,0.03266618028283119
256,0.0027827289886772633,0.9087479710578918,0.032613903284072876
257,0.002788448240607977,0.9085604548454285,0.032646261155605316
258,0.0027880617417395115,0.9085730910301208,0.032666705548763275
259,0.0028281870763748884,0.9072573184967041,0.03309905529022217
260,0.002808862365782261,0.907891035079956,0.03283796086907387
261,0.0028329382184892893,0.9071015119552612,0.03307429701089859
262,0.0027926804032176733,0.9084216356277466,0.03266739472746849
263,0.0027999209705740213,0.9081842303276062,0.032724328339099884
264,0.0027739841025322676,0.9090347290039062,0.03242819383740425
265,0.0027799918316304684,0.9088377356529236,0.03245016559958458
266,0.0027818293310701847,0.9087774753570557,0.03243911266326904
267,0.002778131514787674,0.9088987708091736,0.03239933401346207
268,0.0027987828943878412,0.9082215428352356,0.032614853233098984
269,0.002789564896374941,0.9085237979888916,0.032530393451452255
270,0.002849515527486801,0.9065579175949097,0.033125538378953934
271,0.002858647145330906,0.9062584638595581,0.033269304782152176
272,0.003002539509907365,0.9015399217605591,0.034745678305625916
273,0.003087338525801897,0.898759126663208,0.03558923304080963
274,0.003220287850126624,0.8943994641304016,0.03697722777724266
275,0.0031286405865103006,0.8974047899246216,0.03622880205512047
276,0.0028613642789423466,0.9061693549156189,0.033744584769010544
277,0.0027120024897158146,0.9110672473907471,0.03213011100888252
278,0.0028419664595276117,0.9068054556846619,0.033624909818172455
279,0.002999812364578247,0.9016293287277222,0.035057734698057175
280,0.00287276110611856,0.9057956337928772,0.03374038264155388
281,0.00274541974067688,0.9099714756011963,0.03236683830618858
282,0.0028076490852981806,0.9079307913780212,0.033137060701847076
283,0.002881668508052826,0.905503511428833,0.033936504274606705
284,0.002864988287910819,0.9060505032539368,0.03368719294667244
285,0.0027176581788808107,0.9108818173408508,0.03213028982281685
286,0.0027299649082124233,0.9104782342910767,0.03225729987025261
287,0.002837562235072255,0.9069498777389526,0.03336886689066887
288,0.0027829697355628014,0.9087401032447815,0.032943565398454666
289,0.0027294326573610306,0.9104956984519958,0.03236444294452667
290,0.002730174921452999,0.9104713797569275,0.03231913968920708
291,0.002773924032226205,0.9090367555618286,0.03274548798799515
292,0.0028248580638319254,0.9073665142059326,0.033034566789865494
293,0.0027354834601283073,0.9102972745895386,0.03224481642246246
294,0.002708905143663287,0.9111688137054443,0.03201436623930931
295,0.0027472758665680885,0.9099105596542358,0.03239995986223221
296,0.002761269686743617,0.9094516634941101,0.03261233866214752
297,0.002789451042190194,0.9085275530815125,0.03267684578895569
298,0.002721042139455676,0.910770833492279,0.03201032429933548
299,0.0027109794318675995,0.9111008048057556,0.0319146066904068
300,0.0027415293734520674,0.9100990295410156,0.0321914404630661
301,0.002743838122114539,0.9100233316421509,0.032280173152685165
302,0.0027812588959932327,0.9087961912155151,0.03260770067572594
303,0.0027356392238289118,0.9102921485900879,0.03209853172302246
304,0.002734522568061948,0.9103288054466248,0.03206441178917885
305,0.002719744574278593,0.9108133912086487,0.03190375491976738
306,0.0027205590158700943,0.9107866883277893,0.03189662843942642
307,0.002757105976343155,0.9095882177352905,0.03223983198404312
308,0.0027434569783508778,0.9100357890129089,0.03212345764040947
309,0.0027805848512798548,0.9088183045387268,0.03240375593304634
310,0.0027414041105657816,0.9101031422615051,0.03209005296230316
311,0.002763319993391633,0.9093844294548035,0.03230363875627518
312,0.002729554660618305,0.9104917049407959,0.031912319362163544
313,0.0027456670068204403,0.9099633693695068,0.032003045082092285
314,0.00272608594968915,0.9106054306030273,0.03182962164282799
315,0.002729916013777256,0.9104798436164856,0.031844332814216614
316,0.002731759799644351,0.9104194045066833,0.03185437619686127
317,0.0027326412964612246,0.9103904962539673,0.031823061406612396
318,0.002752041444182396,0.9097542762756348,0.031957682222127914
319,0.0027394702192395926,0.9101665616035461,0.031879689544439316
320,0.0027843471616506577,0.9086949229240417,0.03232580050826073
321,0.002777357818558812,0.9089241027832031,0.032370612025260925
322,0.0028990458231419325,0.9049336910247803,0.03347481042146683
323,0.0029457027558237314,0.9034036993980408,0.0341198593378067
324,0.003161471802741289,0.8963281512260437,0.03627747669816017
325,0.0032187364995479584,0.894450306892395,0.03712098300457001
326,0.0030684794764965773,0.8993775844573975,0.035667840391397476
327,0.002716698916628957,0.9109132885932922,0.03220752254128456
328,0.0026642484590411186,0.9126332402229309,0.03162779286503792
329,0.0028989557176828384,0.904936671257019,0.03405584767460823
330,0.0029630321078002453,0.9028354287147522,0.03488081693649292
331,0.002816172083839774,0.9076513051986694,0.03300708159804344
332,0.0027052131481468678,0.9112899303436279,0.03187423199415207
333,0.002800779649987817,0.9081560373306274,0.03293619677424431
334,0.0029134040232747793,0.9044628739356995,0.033980414271354675
335,0.0027530654333531857,0.9097207188606262,0.03249073773622513
336,0.0026762126944959164,0.9122409224510193,0.031584661453962326
337,0.002787861740216613,0.9085796475410461,0.032799847424030304
338,0.0028001535683870316,0.908176600933075,0.03307138383388519
339,0.002753614680841565,0.909702718257904,0.032393477857112885
340,0.002685456769540906,0.9119377732276917,0.031637195497751236
341,0.0027284531388431787,0.9105278253555298,0.03210344910621643
342,0.0028114570304751396,0.9078059196472168,0.03283794969320297
343,0.0027234540320932865,0.9106917381286621,0.03205903246998787
344,0.0026931087486445904,0.9116868376731873,0.03165369853377342
345,0.0027429447509348392,0.9100525975227356,0.0321698859333992
346,0.0027577178552746773,0.909568190574646,0.03236806020140648
347,0.002777927787974477,0.9089054465293884,0.03226318955421448
348,0.002702577505260706,0.9113763570785522,0.031661178916692734
349,0.0026951429899781942,0.9116201400756836,0.03153457120060921
350,0.0027598754968494177,0.9094973802566528,0.03217693418264389
351,0.0027411128394305706,0.9101126790046692,0.032079067081213
352,0.0027550726663321257,0.9096549153327942,0.03203583508729935
353,0.0027100839652121067,0.9111301898956299,0.031571418046951294
354,0.002712280722334981,0.9110581278800964,0.0315786749124527
355,0.0027575509157031775,0.9095736145973206,0.03198280557990074
356,0.0027440786361694336,0.9100154042243958,0.03194005414843559
357,0.002763973781839013,0.9093630313873291,0.03201774135231972
358,0.00272561376914382,0.910620927810669,0.03161530941724777
359,0.0027280349750071764,0.9105415344238281,0.031609270721673965
360,0.002740098163485527,0.9101459383964539,0.0316958948969841
361,0.0027348515577614307,0.9103180170059204,0.03165281191468239
362,0.0027735894545912743,0.9090477228164673,0.031991321593523026
363,0.0027446395251899958,0.9099970459938049,0.03175104781985283
364,0.0027670932468026876,0.9092607498168945,0.0318685807287693
365,0.002735011512413621,0.9103127717971802,0.0316011905670166
366,0.002745588542893529,0.9099659323692322,0.03167068213224411
367,0.002739237854257226,0.9101741313934326,0.0315670482814312
368,0.002745854901149869,0.9099571704864502,0.03159387782216072
369,0.002757286885753274,0.9095823168754578,0.03167348355054855
370,0.0027484495658427477,0.9098721146583557,0.03159201517701149
371,0.00277531985193491,0.9089909791946411,0.03182250261306763
372,0.0027582086622714996,0.9095520973205566,0.03173837065696716
373,0.0028047861997038126,0.9080246686935425,0.032117798924446106
374,0.0027823918499052525,0.9087590575218201,0.0319841168820858
375,0.002866961294785142,0.9059858322143555,0.032757505774497986
376,0.0028515388257801533,0.9064915776252747,0.03289039433002472
377,0.0029744040220975876,0.9024625420570374,0.033937253057956696
378,0.0029387122485786676,0.9036329388618469,0.03385765850543976
379,0.002978167962282896,0.9023391008377075,0.03416997194290161
380,0.0028216461651027203,0.9074718356132507,0.032860469073057175
381,0.0027588766533881426,0.9095301628112793,0.03194252774119377
382,0.0027113219257444143,0.9110895991325378,0.031396158039569855
383,0.002747960388660431,0.9098881483078003,0.031845346093177795
384,0.0028759962879121304,0.905689537525177,0.03299083933234215
385,0.002848230302333832,0.9066000580787659,0.03288773074746132
386,0.0028635638300329447,0.9060972332954407,0.0329134501516819
387,0.0027417989913374186,0.9100902080535889,0.031729407608509064
388,0.0027195289731025696,0.910820484161377,0.031433507800102234
389,0.00274089933373034,0.9101196527481079,0.03164137899875641
390,0.0027503021992743015,0.9098113179206848,0.031862467527389526
391,0.002824686001986265,0.9073721170425415,0.03251209482550621
392,0.0027684448286890984,0.9092164039611816,0.03205621615052223
393,0.0027783620171248913,0.9088912010192871,0.03197556734085083
394,0.0027252177242189646,0.91063392162323,0.03141354024410248
395,0.002729550004005432,0.9104918241500854,0.0314115509390831
396,0.002762785879895091,0.9094019532203674,0.03170560300350189
397,0.002752114087343216,0.9097518920898438,0.0317126028239727
398,0.002810882404446602,0.9078247547149658,0.03222772479057312
399,0.0027681663632392883,0.9092255234718323,0.03187757357954979
400,0.002805795520544052,0.9079915881156921,0.032126232981681824
401,0.002748610218986869,0.9098668098449707,0.031665585935115814
402,0.0027624364010989666,0.9094134569168091,0.031693171709775925
403,0.002733469009399414,0.9103633165359497,0.03138229623436928
404,0.0027420222759246826,0.9100828766822815,0.031411606818437576
405,0.0027565702330321074,0.9096058011054993,0.03152000904083252
406,0.00275127193890512,0.9097795486450195,0.03147854283452034
407,0.002789973746985197,0.9085104465484619,0.03179740905761719
408,0.0027696313336491585,0.9091774821281433,0.03169344738125801
409,0.0028343615122139454,0.9070548415184021,0.03225930407643318
410,0.002807778539136052,0.9079265594482422,0.03220883011817932
411,0.0029105667490512133,0.9045559167861938,0.03310577571392059
412,0.002883780747652054,0.905434250831604,0.033189576119184494
413,0.002979760291054845,0.9022868871688843,0.03394949436187744
414,0.0028893589042127132,0.9052513241767883,0.033360857516527176
415,0.0028785127215087414,0.9056070446968079,0.0329948328435421
416,0.002741278847679496,0.9101072549819946,0.0316738598048687
417,0.0027257294859737158,0.9106171131134033,0.03132062777876854
418,0.0027603977359831333,0.9094802737236023,0.03161344677209854
419,0.0027858347166329622,0.9086461663246155,0.032027728855609894
420,0.0028929547406733036,0.9051334261894226,0.03293508291244507
421,0.00284208613447845,0.9068015217781067,0.0326557457447052
422,0.0028600257355719805,0.9062132835388184,0.03267204016447067
423,0.002747236518189311,0.9099118709564209,0.031694743782281876
424,0.0027313092723488808,0.9104341268539429,0.03137141838669777
425,0.0027295725885778666,0.9104911088943481,0.03131759539246559
426,0.002742864890024066,0.9100552201271057,0.03151940181851387
427,0.0028270238544791937,0.9072954654693604,0.03221132978796959
428,0.002799391746520996,0.9082015752792358,0.03209951892495155
429,0.0028478854801505804,0.9066113233566284,0.03239164873957634
430,0.0027722849044948816,0.9090904593467712,0.031774964183568954
431,0.002780772279947996,0.9088121652603149,0.031686268746852875
432,0.0027339118532836437,0.9103488326072693,0.03127698227763176
433,0.0027383556589484215,0.9102030992507935,0.03126457333564758
434,0.0027631125412881374,0.9093912839889526,0.03144136443734169
435,0.002759187016636133,0.9095199704170227,0.03146117925643921
436,0.002816367195919156,0.9076449275016785,0.03189988434314728
437,0.0027881725691258907,0.9085694551467896,0.03178419917821884
438,0.0028503872454166412,0.9065293073654175,0.03225983679294586
439,0.0028033589478582144,0.9080714583396912,0.03202875331044197
440,0.0028652388136833906,0.9060422778129578,0.032442301511764526
441,0.00280279153957963,0.9080901145935059,0.03206183761358261
442,0.0028465415816754103,0.9066554307937622,0.03228939697146416
443,0.0027779568918049335,0.908904492855072,0.03174349665641785
444,0.002801016205921769,0.9081482887268066,0.031744178384542465
445,0.00275724520906806,0.9095836877822876,0.03135017678141594
446,0.0027695810422301292,0.909179151058197,0.03136219084262848
447,0.002767341211438179,0.9092525839805603,0.03132869303226471
448,0.002765169134363532,0.9093238115310669,0.03132794052362442
449,0.002797201042994857,0.9082733988761902,0.0315743014216423
450,0.0027786812279373407,0.9088807106018066,0.03151822090148926
451,0.0028426526114344597,0.9067829847335815,0.03203996270895004
452,0.002820411464199424,0.9075123071670532,0.03209484741091728
453,0.0029351653065532446,0.9037492275238037,0.03304716572165489
454,0.0029170645866543055,0.9043428301811218,0.03328467905521393
455,0.00304786185733974,0.9000536799430847,0.03432429954409599
456,0.002975424751639366,0.9024290442466736,0.03409043326973915
457,0.0029657334089279175,0.902746856212616,0.033712372183799744
458,0.002776543376967311,0.9089508056640625,0.031974438577890396
459,0.0027317008934915066,0.9104213118553162,0.03121696598827839
460,0.0027738255448639393,0.9090399742126465,0.03158767148852348
461,0.0028232517652213573,0.9074191451072693,0.03231837600469589
462,0.0029419923666864634,0.9035253524780273,0.03325434401631355
463,0.0028542489744722843,0.9064027070999146,0.03261103853583336
464,0.0028253328055143356,0.9073508977890015,0.03210436925292015
465,0.0027275835163891315,0.9105563163757324,0.031152639538049698
466,0.002729622181504965,0.9104894995689392,0.03119075857102871
467,0.00281297299079597,0.9077562093734741,0.031951650977134705
468,0.002800338203087449,0.9081705212593079,0.03205380216240883
469,0.002845990238711238,0.9066734910011292,0.032261453568935394
470,0.0027636555023491383,0.9093734622001648,0.03149764612317085
471,0.0027633842546492815,0.9093823432922363,0.03132035210728645
472,0.002764151431620121,0.9093571901321411,0.031289685517549515
473,0.002767349360510707,0.9092523455619812,0.031425826251506805
474,0.002832772210240364,0.9071069359779358,0.03196395933628082
475,0.002795618027448654,0.9083253145217896,0.03176262974739075
476,0.0028365235775709152,0.9069839715957642,0.0320051871240139
477,0.002771441824734211,0.909118115901947,0.03145243972539902
478,0.0027829171158373356,0.90874183177948,0.03140697628259659
479,0.0027629658579826355,0.9093960523605347,0.03120170719921589
480,0.002765415236353874,0.9093157649040222,0.031215153634548187
481,0.002804581308737397,0.9080314040184021,0.03154592588543892
482,0.002792679239064455,0.9084216952323914,0.031524524092674255
483,0.0028545104432851076,0.9063941240310669,0.031967900693416595
484,0.002815132262185216,0.907685399055481,0.03179541602730751
485,0.002877608872950077,0.9056366682052612,0.0322619192302227
486,0.002818810986354947,0.9075647592544556,0.03192244842648506
487,0.002869916846975684,0.9058889150619507,0.0322246290743351
488,0.0028037698939442635,0.9080580472946167,0.031754788011312485
489,0.0028366369660943747,0.9069802165031433,0.03187064081430435
490,0.0027840437833219767,0.9087048768997192,0.031420666724443436
491,0.0028046509250998497,0.9080291390419006,0.03144470974802971
492,0.0027845678851008415,0.9086877107620239,0.03126170486211777
493,0.002791160484775901,0.9084715247154236,0.03127775341272354
494,0.0027994487900286913,0.9081997275352478,0.031334321945905685
495,0.0027904249727725983,0.9084956049919128,0.03130245581269264
496,0.0028247726149857044,0.9073692560195923,0.03156273812055588
497,0.0028048690874129534,0.9080219864845276,0.03150458633899689
498,0.0028777210973203182,0.9056329727172852,0.03208791837096214
499,0.002857098588719964,0.9063092470169067,0.03220668062567711
500,0.0029966277070343494,0.9017337560653687,0.033382706344127655
501,0.0029926185961812735,0.9018652439117432,0.033875539898872375
502,0.003140693297609687,0.8970094919204712,0.035073988139629364
503,0.003043037373572588,0.9002118706703186,0.03466486185789108
504,0.0029647480696439743,0.9027791619300842,0.03359047695994377
505,0.002746634418144822,0.9099316000938416,0.03140726312994957
506,0.002730931853875518,0.9104465246200562,0.031065616756677628
507,0.002872670767828822,0.905798614025116,0.03244554251432419
508,0.002912638708949089,0.9044879674911499,0.033169522881507874
509,0.0029533635824918747,0.9031524658203125,0.03322693705558777
510,0.0027877329848706722,0.9085838794708252,0.03164871409535408
511,0.002747652819380164,0.9098982214927673,0.03114381432533264
512,0.002796815475448966,0.9082860946655273,0.0316484235227108
513,0.00281515927053988,0.9076845049858093,0.03212932497262955
514,0.002874742727726698,0.905730664730072,0.032449524849653244
515,0.0027681172359734774,0.9092271327972412,0.031496766954660416
516,0.002753076609224081,0.9097203612327576,0.0311406459659338
517,0.002781406044960022,0.9087913632392883,0.03137996792793274
518,0.002796037355437875,0.9083116054534912,0.03168351203203201
519,0.002872770419344306,0.9057953357696533,0.03219061717391014
520,0.002796573331579566,0.9082940220832825,0.031661506742239
521,0.002794708590954542,0.908355176448822,0.03147858381271362
522,0.002758857561275363,0.909530758857727,0.03109567053616047
523,0.002769102342426777,0.909194827079773,0.031222745776176453
524,0.0028337673284113407,0.9070743322372437,0.03170282393693924
525,0.0028053722344338894,0.9080054759979248,0.03162096440792084
526,0.0028494687285274267,0.9065594673156738,0.03193829953670502
527,0.0027849064208567142,0.9086765646934509,0.031385358422994614
528,0.0027965414337813854,0.9082950353622437,0.03134319186210632
529,0.0027793096378445625,0.9088601469993591,0.031157754361629486
530,0.0027816982474178076,0.9087817668914795,0.0311837550252676
531,0.002823146991431713,0.9074226021766663,0.03151777759194374
532,0.002804647432640195,0.9080292582511902,0.03145046532154083
533,0.0028618534561246634,0.9061533212661743,0.031899794936180115
534,0.0028167730197310448,0.9076316356658936,0.03161264583468437
535,0.0028610138688236475,0.9061808586120605,0.031874436885118484
536,0.002800866961479187,0.9081531763076782,0.03147946670651436
537,0.002829279750585556,0.9072214961051941,0.03162354230880737
538,0.002789085730910301,0.9085395336151123,0.031249359250068665
539,0.002810718724504113,0.9078301191329956,0.031333696097135544
540,0.0027986473869532347,0.9082260131835938,0.031217465177178383
541,0.0028041673358529806,0.9080449938774109,0.031229311600327492
542,0.00281377206556499,0.9077300429344177,0.03129963576793671
543,0.002804182469844818,0.9080444574356079,0.03125116974115372
544,0.0028371878433972597,0.9069621562957764,0.031497031450271606
545,0.0028154936153441668,0.9076735377311707,0.03142229840159416
546,0.0028839532751590014,0.9054286479949951,0.031997472047805786
547,0.002858863677829504,0.9062513709068298,0.03203802928328514
548,0.0029860043432563543,0.9020821452140808,0.033109668642282486
549,0.0029681476298719645,0.9026677012443542,0.033412713557481766
550,0.0031081854831427336,0.898075520992279,0.0345865897834301
551,0.003019673051312566,0.9009780883789062,0.03424322232604027
552,0.002980822464451194,0.9022520780563354,0.03351858630776405
553,0.0027754539623856544,0.9089865684509277,0.0315324142575264
554,0.002745067235082388,0.9099829792976379,0.030980682000517845
555,0.0028376977425068617,0.9069454669952393,0.03188203647732735
556,0.0028807795606553555,0.905532717704773,0.03263433650135994
557,0.0029677648562937975,0.9026802778244019,0.03320413827896118
558,0.002833929844200611,0.9070689678192139,0.03203175589442253
559,0.002788349287584424,0.9085636734962463,0.03141562268137932
560,0.0027514889370650053,0.9097723960876465,0.03104672022163868
561,0.0027701128274202347,0.9091616868972778,0.0313727930188179
562,0.0028635100461542606,0.9060990214347839,0.0321674719452858
563,0.002808290533721447,0.9079097509384155,0.03179585933685303
564,0.0028161155059933662,0.9076531529426575,0.03162204474210739
565,0.002760287607088685,0.9094839096069336,0.03103497251868248
566,0.0027682119980454445,0.9092240333557129,0.031090637668967247
567,0.0028278729878365993,0.9072676301002502,0.031598981469869614
568,0.0028065911028534174,0.9079654812812805,0.03160298615694046
569,0.0028520000632852316,0.9064764380455017,0.0318978875875473
570,0.0027851436752825975,0.9086688160896301,0.031306419521570206
571,0.002795422449707985,0.9083317518234253,0.03126263990998268
572,0.002775902859866619,0.9089718461036682,0.031062670052051544
573,0.002778905676677823,0.9088733792304993,0.031093493103981018
574,0.0028261735569685698,0.9073233604431152,0.031479429453611374
575,0.0028061033226549625,0.9079815149307251,0.031442221254110336
576,0.0028670672327280045,0.9059823751449585,0.031921304762363434
577,0.00281605520285666,0.9076551198959351,0.03157353773713112
578,0.002853549551218748,0.9064255952835083,0.03176628798246384
579,0.0027930005453526974,0.9084111452102661,0.03130634129047394
580,0.0028124735690653324,0.9077726006507874,0.03134274482727051
581,0.002785079414024949,0.9086709022521973,0.031081071123480797
582,0.0027967188507318497,0.9082892537117004,0.03112333081662655
583,0.0028094023000448942,0.9078733325004578,0.03119613416492939
584,0.002799284178763628,0.9082050919532776,0.03116009570658207
585,0.0028339948039501905,0.9070668816566467,0.03144838288426399
586,0.0028094700537621975,0.9078710675239563,0.03134510666131973
587,0.002869710559025407,0.9058956503868103,0.03180243819952011
588,0.002836250001564622,0.9069929122924805,0.031712424010038376
589,0.0029243333265185356,0.904104471206665,0.032417792826890945
590,0.0028821765445172787,0.9054868817329407,0.032345619052648544
591,0.002980037359520793,0.9022778272628784,0.0331047847867012
592,0.002905696164816618,0.9047155976295471,0.032747138291597366
593,0.002944431034848094,0.9034454226493835,0.03289081156253815
594,0.0028226282447576523,0.9074395895004272,0.031848933547735214
595,0.0028141019865870476,0.9077191948890686,0.031452737748622894
596,0.0027697274927049875,0.9091743230819702,0.03097599931061268
597,0.0027815832290798426,0.9087855815887451,0.031078742817044258
598,0.002853270387277007,0.9064347743988037,0.03170304745435715
599,0.002837938955053687,0.9069375395774841,0.031784459948539734
600,0.0029136098455637693,0.9044561386108398,0.03240607678890228
601,0.0028416949789971113,0.9068143367767334,0.03196580335497856
602,0.0028660185635089874,0.9060167074203491,0.03202473372220993
603,0.0027797603979706764,0.9088453054428101,0.03126981481909752
604,0.002785162767395377,0.9086681604385376,0.031104112043976784
605,0.0027827539015561342,0.9087471961975098,0.031010810285806656
606,0.0027924722526222467,0.9084284901618958,0.0311390683054924
607,0.0028595735784620047,0.9062280654907227,0.03168819844722748
608,0.00283360225148499,0.9070797562599182,0.03165091946721077
609,0.002905274508520961,0.904729425907135,0.03223950415849686
610,0.002842792309820652,0.9067783951759338,0.03188590332865715
611,0.002885316964238882,0.9053838849067688,0.03211565315723419
612,0.0028041184414178133,0.9080466032028198,0.03147539123892784
613,0.00281865568831563,0.9075698852539062,0.03139423578977585
614,0.002778866095468402,0.9088746309280396,0.03098376840353012
615,0.002789543941617012,0.9085245132446289,0.03100336715579033
616,0.002822281327098608,0.9074509739875793,0.03126662224531174
617,0.002813194878399372,0.9077489376068115,0.0312974750995636
618,0.0028789336793124676,0.90559321641922,0.03183511644601822
619,0.0028420754242688417,0.9068018794059753,0.03171122446656227
620,0.0029182552825659513,0.904303789138794,0.032330386340618134
621,0.0028574431780725718,0.9062979221343994,0.03202260285615921
622,0.0029130703769624233,0.9044737815856934,0.032348815351724625
623,0.002830031793564558,0.9071968197822571,0.031724028289318085
624,0.0028489793185144663,0.9065755009651184,0.03165050968527794
625,0.0027873076032847166,0.9085978269577026,0.03105640970170498
626,0.002799079054966569,0.9082118272781372,0.03103521279990673
627,0.002806894714012742,0.907955527305603,0.031083153560757637
628,0.0028024890925735235,0.9081000089645386,0.03110002726316452
629,0.0028558452613651752,0.906350314617157,0.03154468163847923
630,0.002827943069860339,0.907265305519104,0.03146738186478615
631,0.0029041445814073086,0.9047664999961853,0.03209060803055763
632,0.002856619656085968,0.9063249230384827,0.03194773942232132
633,0.002932815346866846,0.9038262963294983,0.03250418230891228
634,0.0028620250523090363,0.9061477184295654,0.03207598999142647
635,0.0029051273595541716,0.9047342538833618,0.0322456993162632
636,0.0028164598625153303,0.9076418876647949,0.03148835897445679
637,0.0028297938406467438,0.9072046279907227,0.03137049078941345
638,0.002787157194688916,0.908602774143219,0.030954912304878235
639,0.002794437576085329,0.9083640575408936,0.03096747025847435
640,0.0028274443466216326,0.9072816967964172,0.031239889562129974
641,0.002816437277942896,0.9076426029205322,0.03127000853419304
642,0.002889854134991765,0.9052351117134094,0.031894657760858536
643,0.002853068755939603,0.9064413905143738,0.031814709305763245
644,0.002933983923867345,0.9037879705429077,0.032456815242767334
645,0.0028662981931120157,0.9060075879096985,0.03209708258509636
646,0.0029143833089619875,0.9044307470321655,0.03233000636100769
647,0.002823083195835352,0.9074246883392334,0.03157686069607735
648,0.00283822906203568,0.9069280028343201,0.031462837010622025
649,0.002787784906104207,0.9085822105407715,0.030956493690609932
650,0.002797675784677267,0.9082578420639038,0.030955681577324867
651,0.0028237206861376762,0.9074037671089172,0.031170351430773735
652,0.0028166533447802067,0.907635509967804,0.0312176700681448
653,0.002884772839024663,0.9054017663002014,0.031801171600818634
654,0.002850481541827321,0.9065262079238892,0.031714536249637604
655,0.0029301175381988287,0.9039148092269897,0.03236541152000427
656,0.0028672749176621437,0.9059755206108093,0.0320674292743206
657,0.0029206709004938602,0.9042245745658875,0.032372746616601944
658,0.002833519596606493,0.9070824384689331,0.03166549652814865
659,0.00285020237788558,0.9065353870391846,0.03157144412398338
660,0.0027918212581425905,0.9084498286247253,0.030993646010756493
661,0.0028025037609040737,0.9080995321273804,0.03096959926187992
662,0.002818920649588108,0.907561182975769,0.031102705746889114
663,0.0028146873228251934,0.9077000021934509,0.031136559322476387
664,0.0028762395959347486,0.9056815505027771,0.03165727108716965
665,0.0028431741520762444,0.906765878200531,0.031566813588142395
666,0.002918864833191037,0.9042837619781494,0.03219948709011078
667,0.0028592445887625217,0.906238853931427,0.03192273899912834
668,0.0029164873994886875,0.9043617248535156,0.032267212867736816
669,0.0028358513955026865,0.9070059657096863,0.031641896814107895
670,0.0028604455292224884,0.9061994552612305,0.03164472058415413
671,0.0027980885934084654,0.9082443118095398,0.031048450618982315
672,0.002811666112393141,0.9077990651130676,0.031026966869831085
673,0.002809767844155431,0.9078613519668579,0.030990952625870705
674,0.002807007636874914,0.907951831817627,0.031005878001451492
675,0.002852480160072446,0.906460702419281,0.03139186277985573
676,0.0028286385349929333,0.9072425365447998,0.03132973238825798
677,0.0029002968221902847,0.9048926830291748,0.0319213941693306
678,0.002859489293769002,0.9062308669090271,0.031813863664865494
679,0.0029428289271891117,0.9034979343414307,0.03246372938156128
680,0.002879475709050894,0.9055754542350769,0.03214031085371971
681,0.0029376077000051737,0.9036691784858704,0.032469283789396286
682,0.002846683608368039,0.9066507816314697,0.03175261616706848
683,0.0028665298596024513,0.9059999585151672,0.0316818542778492
684,0.002795909298583865,0.9083157777786255,0.031019024550914764
685,0.0028029487002640963,0.9080849289894104,0.030965067446231842
686,0.002812442136928439,0.9077736139297485,0.031019119545817375
687,0.002809853758662939,0.9078584909439087,0.031074155122041702
688,0.002872369484975934,0.9058084487915039,0.03161318972706795
689,0.0028436994180083275,0.9067486524581909,0.03156580030918121
690,0.0029260143637657166,0.9040493369102478,0.03225230425596237
691,0.0028688337188214064,0.9059244394302368,0.031998489052057266
692,0.0029320039320737123,0.9038529396057129,0.03240234777331352
693,0.0028434530831873417,0.9067566990852356,0.03175080940127373
694,0.0028666139114648104,0.9059972167015076,0.031709782779216766
695,0.0027959756553173065,0.9083136320114136,0.03103042207658291
696,0.0028068299870938063,0.9079576730728149,0.030973117798566818
697,0.00281386636197567,0.9077269434928894,0.031004350632429123
698,0.0028120812494307756,0.9077854752540588,0.031063959002494812
699,0.002871786942705512,0.9058275818824768,0.031573712825775146
700,0.0028413902036845684,0.9068243503570557,0.03148910030722618
701,0.002919046441093087,0.9042778015136719,0.032124489545822144
702,0.0028624245896935463,0.9061346054077148,0.03188801929354668
703,0.002928338712081313,0.9039731025695801,0.03232317790389061
704,0.0028470708057284355,0.9066380858421326,0.03175656870007515
705,0.0028759187553077936,0.9056921005249023,0.031802888959646225
706,0.0028030548710376024,0.9080814719200134,0.031102459877729416
707,0.0028171944431960583,0.9076178073883057,0.031048107892274857
708,0.0028069312684237957,0.9079543352127075,0.030928445979952812
709,0.0028073624707758427,0.9079402089118958,0.030957354232668877
710,0.002852120902389288,0.9064724445343018,0.031344544142484665
711,0.002830676268786192,0.9071756601333618,0.03131426125764847
712,0.0029086139984428883,0.9046199321746826,0.03197019547224045
713,0.0028660676907747984,0.9060150980949402,0.03187088668346405
714,0.002950966591015458,0.9032310843467712,0.032524578273296356
715,0.0028785127215087414,0.9056070446968079,0.032135009765625
716,0.0029204939492046833,0.9042303562164307,0.032308243215084076
717,0.0028255656361579895,0.9073432683944702,0.03144072741270065
718,0.002837367821484804,0.9069562554359436,0.03127901256084442
719,0.002794386586174369,0.9083657264709473,0.030867626890540123
720,0.0027989614754915237,0.9082157015800476,0.03087780624628067
721,0.002839501481503248,0.9068862795829773,0.031233835965394974
722,0.002827052026987076,0.907294511795044,0.03127409890294075
723,0.0029024039395153522,0.9048235416412354,0.031899359077215195
724,0.0028582271188497543,0.9062722325325012,0.03175642341375351
725,0.0029264988843351603,0.9040334224700928,0.03228185698390007
726,0.0028509662952274084,0.9065103530883789,0.03178736940026283
727,0.002883538603782654,0.9054422378540039,0.03185631334781647
728,0.0028080653864890337,0.9079171419143677,0.031146451830863953
729,0.0028238999657332897,0.9073978662490845,0.031089534983038902
730,0.0028032418340444565,0.9080753326416016,0.030873136594891548
731,0.002807234413921833,0.90794438123703,0.030897416174411774
732,0.002844661707058549,0.90671706199646,0.031227152794599533
733,0.002826663199812174,0.9073072671890259,0.031195271760225296
734,0.0028909030370414257,0.905200719833374,0.03171810880303383
735,0.0028493532445281744,0.9065632224082947,0.03157758340239525
736,0.002921673934906721,0.9041916728019714,0.032149627804756165
737,0.0028619347140192986,0.9061506390571594,0.03182217478752136
738,0.0029164967127144337,0.9043614268302917,0.032123908400535583
739,0.002839535940438509,0.9068851470947266,0.03151931241154671
740,0.0028649307787418365,0.9060524106025696,0.031537145376205444
741,0.002804830437526107,0.9080232381820679,0.030980661511421204
742,0.002816856373101473,0.9076288938522339,0.030968520790338516
743,0.0028142693918198347,0.9077137112617493,0.030916323885321617
744,0.0028138083871454,0.9077287912368774,0.03094080463051796
745,0.002855877857655287,0.9063493013381958,0.03129429370164871
746,0.0028336525429040194,0.9070780873298645,0.03125937283039093
747,0.002906884765252471,0.9046766757965088,0.03188815712928772
748,0.002869631629437208,0.9058982729911804,0.031803831458091736
749,0.00295890006236732,0.9029709100723267,0.0325191356241703
750,0.0029001750517636538,0.9048966765403748,0.03228091076016426
751,0.002958722412586212,0.9029767513275146,0.03263525292277336
752,0.0028616946656256914,0.9061585068702698,0.03184359520673752
753,0.002872713841497898,0.9057971835136414,0.03165525570511818
754,0.0027966091874986887,0.908292829990387,0.03092728741466999
755,0.002801861148327589,0.9081206321716309,0.03085637092590332
756,0.0028240648098289967,0.9073925018310547,0.031040094792842865
757,0.002822078764438629,0.9074575901031494,0.031150907278060913
758,0.002898742211982608,0.9049436450004578,0.03181726112961769
759,0.0028630858287215233,0.9061129093170166,0.03173462674021721
760,0.0029303710907697678,0.9039064645767212,0.03226655349135399
761,0.002854434074833989,0.9063966274261475,0.03176841139793396
762,0.002879854291677475,0.9055630564689636,0.03178991749882698
763,0.0028032909613102674,0.9080737233161926,0.031057918444275856
764,0.002814179053530097,0.907716691493988,0.030962621793150902
765,0.0028092139400541782,0.9078794717788696,0.03086460940539837
766,0.002813260303810239,0.9077467918395996,0.030930278822779655
767,0.0028673859778791666,0.905971884727478,0.03141971305012703
768,0.0028442165348678827,0.9067316651344299,0.03139964118599892
769,0.002915328601375222,0.9043997526168823,0.032000888139009476
770,0.0028638914227485657,0.9060865044593811,0.03176672384142876
771,0.0029208683408796787,0.9042180776596069,0.03215480223298073
772,0.002842038171365857,0.9068031311035156,0.03157339617609978
773,0.002863415749743581,0.9061020612716675,0.03154892474412918
774,0.00280276732519269,0.9080908894538879,0.030936116352677345
775,0.00281447428278625,0.9077069759368896,0.0308977160602808
776,0.0028185199480503798,0.9075742959976196,0.03090686723589897
777,0.0028166179545223713,0.9076367020606995,0.03093940205872059
778,0.002863227156922221,0.9061082601547241,0.03135132044553757
779,0.002840037690475583,0.9068686962127686,0.031292691826820374
780,0.0029083057306706905,0.9046300649642944,0.03184996172785759
781,0.0028624676633626223,0.9061331748962402,0.0316825769841671
782,0.0029284381307661533,0.9039698839187622,0.03219258412718773
783,0.0028624217957258224,0.9061346650123596,0.03176780790090561
784,0.0029011406004428864,0.904865026473999,0.0319429375231266
785,0.0028269554022699594,0.9072977304458618,0.031275711953639984
786,0.002843999769538641,0.9067387580871582,0.03121696040034294
787,0.0028059568721801043,0.9079862833023071,0.030843187123537064
788,0.0028127965051680803,0.9077619910240173,0.030845770612359047
789,0.0028288017492741346,0.90723717212677,0.030977126210927963
790,0.0028213667683303356,0.9074809551239014,0.03098694607615471
791,0.0028763185255229473,0.9056789875030518,0.031448908150196075
792,0.0028485278598964214,0.9065902829170227,0.03140508756041527
793,0.002924203174188733,0.9041087627410889,0.032054413110017776
794,0.0028808237984776497,0.9055312275886536,0.03190779313445091
795,0.0029514706693589687,0.9032145738601685,0.03247148543596268
796,0.002884495537728071,0.9054108262062073,0.032023049890995026
797,0.0029209034983068705,0.9042169451713562,0.03211173415184021
798,0.002830726793035865,0.9071740508079529,0.03132298216223717
799,0.0028361245058476925,0.90699702501297,0.031179994344711304
800,0.002800541929900646,0.908163845539093,0.030792446807026863
801,0.002806461649015546,0.9079697132110596,0.03081265650689602
802,0.0028460195753723383,0.9066725373268127,0.031155195087194443
803,0.0028350811917334795,0.907031238079071,0.031196771189570427
804,0.002898177830502391,0.9049621820449829,0.03175169229507446
805,0.0028584832325577736,0.9062638282775879,0.03157917410135269
806,0.0029201889410614967,0.9042403697967529,0.03206305205821991
807,0.002856593579053879,0.9063258171081543,0.03165271505713463
808,0.002891615964472294,0.9051773548126221,0.03178900480270386
809,0.0028215767815709114,0.9074741005897522,0.031159348785877228
810,0.002835872583091259,0.9070053100585938,0.03111032396554947
811,0.0028085072990506887,0.9079026579856873,0.030802182853221893
812,0.002816307358443737,0.907646894454956,0.030827105045318604
813,0.002842399524524808,0.9067912697792053,0.03105323202908039
814,0.0028298937249928713,0.90720134973526,0.031039277091622353
815,0.002882241038605571,0.9054847955703735,0.031493864953517914
816,0.002851756289601326,0.9064844250679016,0.03138985484838486
817,0.0029232893139123917,0.9041386842727661,0.031985074281692505
818,0.0028765995521098375,0.9056697487831116,0.031802255660295486
819,0.0029391872230917215,0.9036173820495605,0.03227442130446434
820,0.00287104700691998,0.9058518409729004,0.0317828543484211
821,0.00289885769598186,0.9049398899078369,0.03185470774769783
822,0.0028250026516616344,0.9073617458343506,0.03114946186542511
823,0.0028344111051410437,0.9070532321929932,0.031033629551529884
824,0.002810642123222351,0.9078326225280762,0.030783800408244133
825,0.0028143604286015034,0.9077107310295105,0.030803866684436798
826,0.0028460631147027016,0.9066711068153381,0.031078893691301346
827,0.002834698185324669,0.9070438146591187,0.031092271208763123
828,0.0028968043625354767,0.9050071835517883,0.031641896814107895
829,0.002863609232008457,0.9060957431793213,0.031557850539684296
830,0.0029355348087847233,0.9037371277809143,0.03217211365699768
831,0.0028850394301116467,0.9053930044174194,0.031908098608255386
832,0.002935579977929592,0.9037356376647949,0.03223772719502449
833,0.0028575598262250423,0.9062941074371338,0.03157862275838852
834,0.0028749669436365366,0.9057233333587646,0.0314878411591053
835,0.0028117906767874956,0.9077950119972229,0.030887512490153313
836,0.0028190400917083025,0.9075572490692139,0.03083127737045288
837,0.002823655027896166,0.9074059128761292,0.03084149956703186
838,0.002823558636009693,0.9074090719223022,0.030900996178388596
839,0.0028761764988303185,0.9056836366653442,0.03136304020881653
840,0.00285257282666862,0.9064576625823975,0.03133045509457588
841,0.002919372171163559,0.9042671322822571,0.031924568116664886
842,0.0028747713658958673,0.9057297110557556,0.031709447503089905
843,0.0029339324682950974,0.9037896990776062,0.03214716911315918
844,0.0028680353425443172,0.9059506058692932,0.031664397567510605
845,0.002897772705182433,0.904975414276123,0.03173555061221123
846,0.0028277006931602955,0.9072732925415039,0.031083805486559868
847,0.0028381964657455683,0.906929075717926,0.0310104601085186
848,0.002817092463374138,0.9076211452484131,0.030762404203414917
849,0.002821674570441246,0.9074708819389343,0.0307917520403862
850,0.002856847830116749,0.9063174724578857,0.031106840819120407
851,0.00284375436604023,0.9067468643188477,0.031128747388720512
852,0.002909022383391857,0.9046065211296082,0.031713712960481644
853,0.0028764009475708008,0.9056762456893921,0.031622812151908875
854,0.0029497065115720034,0.9032723903656006,0.03223526105284691
855,0.0028936921153217554,0.9051092863082886,0.03195274621248245
856,0.002940733917057514,0.9035666584968567,0.032255321741104126
857,0.0028596101328730583,0.9062268733978271,0.031564436852931976
858,0.0028689478058367968,0.905920684337616,0.03140790015459061
859,0.002813630737364292,0.9077346324920654,0.03081914409995079
860,0.0028213937766849995,0.9074800610542297,0.030775876715779305
861,0.0028386309277266264,0.9069148302078247,0.030928611755371094
862,0.0028349701315164566,0.9070348739624023,0.03098963387310505
863,0.002893000142648816,0.9051319360733032,0.03150012344121933
864,0.002863328903913498,0.9061049222946167,0.0314163900911808
865,0.002925927983596921,0.9040521383285522,0.03193017840385437
866,0.0028701359406113625,0.9058817028999329,0.031622808426618576
867,0.0029106196016073227,0.9045541882514954,0.03187696263194084
868,0.002845196984708309,0.906699538230896,0.03129805997014046
869,0.0028618182986974716,0.906154453754425,0.031233225017786026
870,0.0028227386064827442,0.9074360132217407,0.030806677415966988
871,0.0028325614985078573,0.9071138501167297,0.030803704634308815
872,0.002844378584995866,0.9067263603210449,0.030906878411769867
873,0.0028366066981106997,0.9069812297821045,0.030911441892385483
874,0.0028832685202360153,0.9054510593414307,0.031315457075834274
875,0.0028575779870152473,0.906293511390686,0.03125820308923721
876,0.0029256651178002357,0.9040607810020447,0.03182423114776611
877,0.0028859684243798256,0.9053625464439392,0.03169723600149155
878,0.002951114671304822,0.9032262563705444,0.032236818224191666
879,0.0028910241089761257,0.9051967263221741,0.031838204711675644
880,0.0029244464822113514,0.904100775718689,0.03194529563188553
881,0.0028487734962254763,0.906582236289978,0.031244974583387375
882,0.00286088022403419,0.9061852097511292,0.031150078400969505
883,0.0028217851649969816,0.907467246055603,0.030767636373639107
884,0.0028279395774006844,0.9072654247283936,0.030760664492845535
885,0.0028486831579357386,0.9065852165222168,0.03091845102608204
886,0.0028414996340870857,0.9068207740783691,0.030940869823098183
887,0.0028917400632053614,0.9051733016967773,0.03137286752462387
888,0.002865812974050641,0.9060235023498535,0.031317297369241714
889,0.002928650937974453,0.9039628505706787,0.031868141144514084
890,0.0028867986984550953,0.9053353071212769,0.03167315945029259
891,0.0029450131114572287,0.9034263491630554,0.03207607567310333
892,0.0028831115923821926,0.9054561853408813,0.031635187566280365
893,0.00291648437269032,0.9043618440628052,0.031764671206474304
894,0.002846833085641265,0.9066458940505981,0.03116697072982788
895,0.0028601253870874643,0.9062100052833557,0.03111405298113823
896,0.0028282501734793186,0.907255232334137,0.03076143190264702
897,0.00283646397292614,0.906985878944397,0.03076612763106823
898,0.0028538198675960302,0.9064167737960815,0.0309052262455225
899,0.0028477332089096308,0.9066163301467896,0.03092064894735813
900,0.0028938378673046827,0.9051044583320618,0.0313294418156147
901,0.002868829993531108,0.9059245586395264,0.0312606543302536
902,0.0029366975650191307,0.9036990404129028,0.03184576705098152
903,0.0028998120687901974,0.9049085378646851,0.03175121173262596
904,0.002971775596961379,0.9025487303733826,0.03234057500958443
905,0.002914070850238204,0.9044409990310669,0.032016634941101074
906,0.0029546895530074835,0.9031090140342712,0.032243918627500534
907,0.002871629549190402,0.9058327674865723,0.0315159372985363
908,0.0028782468289136887,0.9056157469749451,0.03131960704922676
909,0.002825860632583499,0.9073336124420166,0.030767779797315598
910,0.00283294846303761,0.9071011543273926,0.03074020706117153
911,0.002854176564142108,0.9064050912857056,0.030914248898625374
912,0.00284957536496222,0.9065559506416321,0.0309674721211195
913,0.0029070659074932337,0.9046707153320312,0.031476713716983795
914,0.0028768458869308233,0.9056617021560669,0.03140587359666824
915,0.0029349587857723236,0.9037560224533081,0.031883079558610916
916,0.0028834622353315353,0.9054447412490845,0.031570691615343094
917,0.0029208380728960037,0.9042190909385681,0.031780000776052475
918,0.0028591074515134096,0.9062433838844299,0.031233306974172592
919,0.0028760931454598904,0.9056863784790039,0.031181441619992256
920,0.002838228829205036,0.9069280028343201,0.030785327777266502
921,0.002847513649612665,0.9066235423088074,0.030785588547587395
922,0.002851259894669056,0.9065006971359253,0.030802462249994278
923,0.0028473574202507734,0.9066286683082581,0.030809501186013222
924,0.002886924659833312,0.9053311944007874,0.03115074709057808
925,0.0028678979724645615,0.9059550762176514,0.03112444281578064
926,0.0029301883187144995,0.9039124846458435,0.031651586294174194
927,0.0028999585192650557,0.904903769493103,0.031612519174814224
928,0.00297554861754179,0.9024249911308289,0.03227356821298599
929,0.002931762719526887,0.9038608074188232,0.03210151195526123
930,0.0029877459164708853,0.902025043964386,0.03247683495283127
931,0.0029094938654452562,0.9045910835266113,0.031879086047410965
932,0.0029204979073256254,0.9042302370071411,0.03177199140191078
933,0.0028400530572980642,0.9068682193756104,0.030988842248916626
934,0.0028408083599060774,0.9068434238433838,0.030807841569185257
935,0.0028440747410058975,0.9067363142967224,0.030776971951127052
936,0.002849983051419258,0.9065425992012024,0.030908692628145218
937,0.002912502735853195,0.9044923782348633,0.03149350360035896
938,0.002891259267926216,0.905189037322998,0.03150893747806549
939,0.0029533032793551683,0.9031544923782349,0.03206377476453781
940,0.0028960530180484056,0.9050318598747253,0.03171609714627266
941,0.002922534942626953,0.9041634202003479,0.03176797553896904
942,0.0028500293847173452,0.9065410494804382,0.031096354126930237
943,0.0028572911396622658,0.9063029289245605,0.03096477873623371
944,0.0028384486213326454,0.9069207906723022,0.030698513612151146
945,0.0028468489181250334,0.9066453576087952,0.030749063938856125
946,0.002885682974010706,0.905371904373169,0.03110526315867901
947,0.002873452613130212,0.9057729244232178,0.031142130494117737
948,0.0029306109063327312,0.9038985967636108,0.03166203573346138
949,0.0028918185271322727,0.9051706790924072,0.03149663656949997
950,0.0029440391808748245,0.9034582376480103,0.03185918927192688
951,0.0028847206849604845,0.9054034352302551,0.03144599497318268
952,0.002911662682890892,0.9045199751853943,0.03153205290436745
953,0.0028553148731589317,0.9063677191734314,0.031002983450889587
954,0.0028671242762356997,0.9059804677963257,0.03094515949487686
955,0.0028494929429143667,0.906558632850647,0.03072306700050831
956,0.0028560087084770203,0.906345009803772,0.030751220881938934
957,0.0028790836222469807,0.9055883288383484,0.030961288139224052
958,0.0028674392960965633,0.9059701561927795,0.030954033136367798
959,0.0029168715700507164,0.904349148273468,0.031381621956825256
960,0.00288983341306448,0.905235767364502,0.03133148327469826
961,0.00295650283806026,0.9030495285987854,0.031885359436273575
962,0.0029167805332690477,0.9043521285057068,0.031755074858665466
963,0.002975720912218094,0.9024193286895752,0.03221600130200386
964,0.0029158054385334253,0.9043841361999512,0.031797993928194046
965,0.0029418261256068945,0.9035308361053467,0.03182263299822807
966,0.002869388787075877,0.9059062004089355,0.031146280467510223
967,0.002876485697925091,0.9056735038757324,0.031017526984214783
968,0.002846162999048829,0.9066678285598755,0.0307033509016037
969,0.002851802622899413,0.9064829349517822,0.030712943524122238
970,0.00287934229709208,0.9055798053741455,0.03094610758125782
971,0.002870106603950262,0.9058826565742493,0.030968744307756424
972,0.002925499342381954,0.9040662050247192,0.0314377099275589
973,0.0028964942321181297,0.9050173759460449,0.03138481453061104
974,0.0029586004093289375,0.9029807448387146,0.031940676271915436
975,0.0029146946035325527,0.9044205546379089,0.03173451870679855
976,0.002960273763164878,0.9029259085655212,0.031984955072402954
977,0.002895245561376214,0.9050583243370056,0.0314595028758049
978,0.002915338147431612,0.9043994545936584,0.03146424517035484
979,0.0028587006963789463,0.9062566757202148,0.030914966017007828
980,0.0028679710812866688,0.9059526920318604,0.030851541087031364
981,0.0028563933447003365,0.9063323736190796,0.030713044106960297
982,0.002858544932678342,0.9062618017196655,0.030735718086361885
983,0.0028910900000482798,0.9051945805549622,0.031015491113066673
984,0.002877579303458333,0.9056376218795776,0.031026020646095276
985,0.0029342772904783487,0.9037783741950989,0.03154003247618675
986,0.0029065452981740236,0.904687762260437,0.03148490935564041
987,0.0029702673200517893,0.9025982022285461,0.03199809789657593
988,0.0029254781547933817,0.9040669202804565,0.03177502751350403
989,0.0029744079802185297,0.9024624228477478,0.03208354488015175
990,0.002904945518821478,0.9047402143478394,0.03154854476451874
991,0.002920330734923482,0.9042357206344604,0.03150452673435211
992,0.0028602895326912403,0.9062045812606812,0.030903764069080353
993,0.002865247195586562,0.9060420393943787,0.030807020142674446
994,0.0028639324009418488,0.9060851335525513,0.030738795176148415
995,0.002865268848836422,0.9060413241386414,0.030795114114880562
996,0.0029068898875266314,0.9046764373779297,0.03119388222694397
997,0.002890826901420951,0.9052032232284546,0.031177213415503502
998,0.002950726542621851,0.9032389521598816,0.03168897330760956
999,0.0029146349988877773,0.9044225215911865,0.03157801181077957
